{
    "body": "C/2013 A1 (Siding Spring)", 
    "distance": 1.1705858707427979, 
    "elevation": -0.8193749459615585, 
    "azimuth": 171.2198924535533
}